Race/Ethnicity,Race,All Causes Per 100K,Heart Disease Per 100K,Malignant Neoplasms Per 100K,Chronic Lower Respiratory Diseases Per 100K,Cerebrovascular Disease Per 100K
American Indian and Alaska Native,1,446.7369365,74.90468715,67.95245571,7.973885525,4.435473823
Asian,2,390.1324856,81.9236492,96.41855128,9.092256757,29.18746191
Black,3,839.9547452,196.5536748,170.2493364,26.65245203,47.87771541
White,4,1178.59501,276.6175799,248.5944223,73.2953985,59.65761631
Hispanic,5,374.9236117,73.46938776,75.44454075,9.483536014,20.7268493
Other,6,273.8095238,58.7833773,48.10495627,8.353001064,6.212689157